,seen,gender,nationality,age,education,political_identity,seen_ip,seen_blm,seen_covid,seen_ur,shared_ip,shared_blm,shared_covid,shared_ur,informed_ip,informed_blm,informed_covid,informed_ur,opinion_ip,opinion_blm,opinion_covid,opinion_ur,behavior_ip,behavior_blm,behavior_covid,behavior_ur,whatsapp,facebook,snapchat,twitter,instagram,reddit,region,values
"Oct 28, 2023",YES,Male,USA,29,High School,Left,Yes,Yes,Yes,Yes,No,Yes,Yes,Yes,"Yes, slightly more informed","Yes, much more informed","Yes, much more informed","Yes, slightly more informed",nan,"Yes, slightly changed","Yes, slightly changed","Yes, slightly changed","Yes, slightly changed","Yes, greatly changed","Yes, greatly changed","Yes, slightly changed",1,1,1,0,1,1,North America,English-Speaking
"Oct 28, 2023",YES,Female,,33,Bachelor's Degree,Left,No,No,Yes,No,,,No,,,,"Yes, slightly more informed",,,,"No, no change",,,,"No, no change",,1,0,0,0,1,0,,
"Oct 28, 2023",YES,Female,Ukraine,30,Bachelor's Degree,Center,Yes,No,No,Yes,No,,,No,"Yes, slightly more informed",,,"Yes, slightly more informed","No, no change",,,"No, no change","No, no change",,,"No, no change",1,1,0,0,1,1,Europe,Orthodox Europe
"Oct 27, 2023",YES,Female,USA,24,Bachelor's Degree,Far left,Yes,Yes,Yes,Yes,Yes,Yes,Yes,Yes,"Yes, much more informed","Yes, slightly more informed","Yes, much more informed","Yes, much more informed","No, no change","No, no change","Yes, slightly changed","No, no change","No, no change","No, no change","Yes, greatly changed","No, no change",0,1,1,1,1,0,North America,English-Speaking
"Oct 27, 2023",YES,Female,USA,24,Bachelor's Degree,Far left,Yes,Yes,Yes,Yes,Yes,Yes,Yes,No,"Yes, slightly more informed","Yes, slightly more informed","No, no change","No, no change","Yes, slightly changed","No, no change","No, no change","No, no change","Yes, slightly changed","Yes, greatly changed","No, no change","No, no change",0,1,1,0,1,1,North America,English-Speaking
"Oct 27, 2023",YES,Male,USA,24,Bachelor's Degree,Left,Yes,Yes,Yes,Yes,No,Yes,Yes,No,"Yes, slightly more informed","No, no change","Yes, slightly more informed","No, no change","Yes, slightly changed","No, no change","No, no change","No, no change","No, no change","No, no change","Yes, slightly changed","No, no change",0,1,1,1,1,1,North America,English-Speaking
"Oct 27, 2023",NO,,,,,,nan,nan,nan,nan,nan,nan,nan,nan,nan,nan,nan,nan,nan,nan,nan,nan,nan,nan,nan,nan,0,0,0,0,0,0,,
"Oct 27, 2023",YES,Male,USA,25,Master's Degree,Left,Yes,Yes,Yes,Yes,Yes,Yes,Yes,No,"Yes, slightly more informed","No, no change","Yes, slightly more informed","No, no change","No, no change","No, no change","No, no change","No, no change","No, no change","No, no change","Yes, slightly changed","No, no change",0,0,0,0,1,0,North America,English-Speaking
"Oct 27, 2023",YES,Male,Iran,30,Master's Degree,Left,Yes,No,Yes,Yes,No,,Yes,No,"Yes, slightly more informed",,"Yes, much more informed","Yes, slightly more informed","No, no change",,"No, no change","No, no change","No, no change",,"No, no change","No, no change",1,0,0,0,0,0,MENA,African-Islamic
"Oct 27, 2023",YES,Female,USA,28,Bachelor's Degree,Left,Yes,Yes,Yes,Yes,Yes,No,Yes,No,"No, no change","Yes, slightly more informed","Yes, slightly more informed","Yes, slightly more informed","No, no change","Yes, slightly changed","No, no change","Yes, slightly changed","Yes, slightly changed","Yes, slightly changed","Yes, greatly changed","Yes, slightly changed",0,1,1,1,1,1,North America,English-Speaking
"Oct 27, 2023",YES,Female,USA,21,High School,Center,Yes,Yes,Yes,Yes,Yes,Yes,No,No,"Yes, slightly more informed","Yes, slightly more informed","No, no change","No, no change","No, no change","No, no change","No, no change","No, no change","Yes, slightly changed","No, no change","No, no change","No, no change",0,1,1,1,1,0,North America,English-Speaking
"Oct 27, 2023",YES,Male,China,24,Bachelor's Degree,Left,Yes,Yes,Yes,Yes,No,Yes,Yes,Yes,"No, slightly less informed","Yes, much more informed","Yes, much more informed","Yes, slightly more informed","No, no change","No, no change","No, no change","No, no change","No, no change","Yes, slightly changed","Yes, slightly changed","No, no change",0,1,0,1,1,0,Asia and Pacific,Confucian
"Oct 27, 2023",YES,Female,USA,26,Bachelor's Degree,Far left,Yes,Yes,Yes,Yes,Yes,Yes,Yes,nan,"Yes, much more informed","Yes, much more informed","Yes, much more informed","Yes, slightly more informed","Yes, slightly changed","Yes, slightly changed","Yes, slightly changed","No, no change","Yes, slightly changed","Yes, slightly changed","Yes, greatly changed","No, no change",0,1,1,1,1,0,North America,English-Speaking
"Oct 27, 2023",YES,Female,USA,24,Master's Degree,Left,Yes,Yes,Yes,No,Yes,Yes,Yes,,"Yes, slightly more informed","Yes, slightly more informed","Yes, slightly more informed",,"Yes, slightly changed","No, no change","Yes, slightly changed",,"No, no change","No, no change","Yes, slightly changed",,0,1,0,1,1,0,North America,English-Speaking
"Oct 27, 2023",YES,Female,USA,36,Bachelor's Degree,Left,Yes,Yes,Yes,Yes,No,Yes,Yes,No,"Yes, slightly more informed","Yes, slightly more informed","Yes, slightly more informed","Yes, slightly more informed","No, no change","No, no change","No, no change","No, no change","Yes, slightly changed","No, no change","No, no change","No, no change",1,1,1,0,1,0,North America,English-Speaking
"Oct 27, 2023",YES,Female,USA,25,Bachelor's Degree,Left,Yes,Yes,Yes,Yes,No,Yes,No,No,"Yes, slightly more informed","Yes, much more informed","Yes, slightly more informed","Yes, slightly more informed","Yes, slightly changed","No, no change","No, no change","No, no change","No, no change","Yes, greatly changed","Yes, slightly changed","No, no change",0,1,1,0,1,1,North America,English-Speaking
"Oct 27, 2023",YES,Female,USA,53,Bachelor's Degree,Center,Yes,Yes,Yes,Yes,No,No,No,No,"No, no change","No, no change","No, no change","No, no change","No, no change","No, no change","No, no change","No, no change","No, no change","No, no change","No, no change","No, no change",0,1,0,0,1,0,North America,English-Speaking
"Oct 27, 2023",YES,Female,USA,26,Bachelor's Degree,Left,Yes,Yes,Yes,Yes,Yes,Yes,Yes,No,"Yes, slightly more informed","Yes, much more informed","Yes, slightly more informed","No, no change","Yes, slightly changed","Yes, slightly changed","Yes, slightly changed","No, no change","Yes, greatly changed","Yes, slightly changed","Yes, slightly changed","No, no change",1,1,0,1,1,1,North America,English-Speaking
"Oct 26, 2023",YES,Female,Ukraine,24,Bachelor's Degree,Left,Yes,Yes,Yes,Yes,Yes,Yes,No,Yes,"No, no change","Yes, slightly more informed","Yes, slightly more informed","No, no change","No, no change","No, no change","Yes, slightly changed","No, no change","Yes, slightly changed","No, no change","No, no change","No, no change",1,0,0,0,1,0,Europe,Orthodox Europe
"Oct 26, 2023",YES,Female,USA,24,Bachelor's Degree,Left,Yes,Yes,Yes,No,No,Yes,Yes,,"Yes, slightly more informed","Yes, slightly more informed","No, no change",,"Yes, slightly changed","Yes, slightly changed","No, no change",,"No, no change","Yes, slightly changed","Yes, slightly changed",,0,1,0,1,1,0,North America,English-Speaking
"Oct 26, 2023",YES,Female,Ukraine,38,Master's Degree,Left,No,No,Yes,Yes,,,No,Yes,,,"Yes, much more informed","Yes, slightly more informed",,,"No, no change",nan,,,"No, no change",nan,1,0,0,0,1,0,Europe,Orthodox Europe
"Oct 26, 2023",YES,Female,USA,36,Bachelor's Degree,Center,No,Yes,Yes,No,,No,No,,,"Yes, slightly more informed","Yes, slightly more informed",,,"Yes, slightly changed","No, no change",,,"No, no change","No, no change",,0,1,0,0,1,0,North America,English-Speaking
"Oct 26, 2023",NO,,,,,,nan,nan,nan,nan,nan,nan,nan,nan,nan,nan,nan,nan,nan,nan,nan,nan,nan,nan,nan,nan,0,0,0,0,0,0,,
"Oct 26, 2023",YES,Female,The Netherlands,20,Bachelor's Degree,Left,Yes,Yes,Yes,Yes,No,No,No,No,"Yes, slightly more informed","Yes, much more informed","Yes, slightly more informed","Yes, much more informed","Yes, slightly changed","Yes, slightly changed","No, no change","No, no change","No, no change","Yes, slightly changed","No, no change","No, no change",1,0,1,0,1,0,Europe,Protestant Europe
"Oct 26, 2023",YES,Male,USA,24,Bachelor's Degree,Left,Yes,Don\'t Know,Yes,Don\'t Know,No,No,No,No,"Yes, slightly more informed","Yes, slightly more informed","Yes, slightly more informed","Yes, slightly more informed","No, no change","No, no change","No, no change","No, no change","No, no change","No, no change","No, no change","No, no change",0,1,1,1,1,1,North America,English-Speaking
"Oct 26, 2023",YES,Female,Egypt,44,Bachelor's Degree,Center,Yes,No,Yes,No,Yes,,No,,"Yes, much more informed",,"Yes, much more informed",,"No, no change",,"Yes, slightly changed",,"No, no change",,"No, no change",,1,1,0,0,1,0,MENA,African-Islamic
"Oct 26, 2023",YES,Female,USA,26,Ph.D. or Higher,Far left,Yes,Yes,Yes,Yes,Yes,Yes,Yes,No,"No, slightly less informed","Yes, much more informed","Yes, much more informed","Yes, slightly more informed","No, no change","Yes, slightly changed","Yes, slightly changed","Yes, slightly changed","Yes, slightly changed","Yes, greatly changed","Yes, greatly changed","No, no change",0,1,0,1,1,1,North America,English-Speaking
"Oct 26, 2023",YES,Female,USA,24,Master's Degree,Far left,Yes,Yes,Yes,Yes,Yes,Yes,Yes,Yes,"Yes, much more informed","Yes, much more informed","Yes, much more informed","Yes, much more informed","Yes, slightly changed","No, no change","No, no change","No, no change","Yes, greatly changed","Yes, slightly changed","No, no change","No, no change",1,0,1,0,1,0,North America,English-Speaking
"Oct 26, 2023",YES,Male,Brazil,33,High School,Center,No,No,Yes,No,,,No,,,,"No, much less informed",,,,"No, no change",,,,"No, no change",,1,0,0,1,1,0,Latin America,Latin America
"Oct 26, 2023",YES,Female,Venezuela,27,Bachelor's Degree,Center,Yes,Yes,Yes,Yes,No,No,No,No,"Yes, much more informed","Yes, much more informed","Yes, much more informed","Yes, much more informed","Yes, greatly changed","No, no change","No, no change","Yes, slightly changed",nan,nan,nan,nan,1,0,1,1,1,1,Latin America,Latin America
"Oct 26, 2023",YES,Male,Portugal,31,High School,Center,Yes,Yes,Yes,Yes,No,No,No,No,"Yes, slightly more informed","Yes, slightly more informed","Yes, slightly more informed","Yes, slightly more informed","Yes, slightly changed","Yes, slightly changed","Yes, slightly changed","Yes, slightly changed","No, no change","No, no change","No, no change","No, no change",1,1,0,0,1,1,Europe,Catholic Europe
"Oct 26, 2023",YES,Male,Spain,29,Master's Degree,Right,Yes,No,Yes,Yes,No,,No,No,"Yes, much more informed",,"No, no change","Yes, slightly more informed","Yes, slightly changed",,"No, no change","No, no change","No, no change",,"No, no change","No, no change",1,0,0,1,1,0,Europe,Catholic Europe
"Oct 26, 2023",YES,Female,Germany,25,Bachelor's Degree,Center,Yes,Yes,Yes,Yes,No,No,No,No,"Yes, slightly more informed","Yes, slightly more informed","Yes, slightly more informed","Yes, slightly more informed","Yes, slightly changed","Yes, slightly changed","Yes, slightly changed","No, no change","Yes, slightly changed","No, no change","No, no change","No, no change",1,0,1,0,1,0,Europe,Protestant Europe
"Oct 26, 2023",YES,Male,USA,53,Ph.D. or Higher,Left,Yes,Don\'t Know,Yes,Yes,No,No,Yes,No,"Yes, slightly more informed","Yes, slightly more informed","Yes, much more informed","Yes, slightly more informed","No, no change","No, no change","No, no change","No, no change","No, no change","No, no change","No, no change","No, no change",0,1,0,0,1,0,North America,English-Speaking
"Oct 26, 2023",YES,Female,Lithuania,37,Bachelor's Degree,Right,Yes,Yes,Yes,Yes,No,No,No,No,"No, no change","No, no change","No, no change","No, no change","No, no change","No, no change","No, no change","No, no change","No, no change","No, no change","No, no change","No, no change",1,1,0,0,1,1,Europe,Catholic Europe
"Oct 26, 2023",YES,Female,USA,24,Bachelor's Degree,Left,Yes,Yes,Yes,Yes,No,Yes,Yes,No,"Yes, slightly more informed","Yes, much more informed","Yes, slightly more informed","Yes, slightly more informed","Yes, slightly changed","No, no change","No, no change","No, no change","No, no change","Yes, slightly changed","No, no change","No, no change",1,1,1,1,1,1,North America,English-Speaking
"Oct 26, 2023",YES,Female,Vietnam,36,Bachelor's Degree,Left,Yes,Yes,Yes,Yes,No,No,No,No,"No, no change","No, no change","No, no change","No, no change","Yes, slightly changed","Yes, slightly changed","Yes, slightly changed","Yes, slightly changed","No, no change","No, no change","Yes, greatly changed","No, no change",0,1,0,0,1,0,Asia and Pacific,West and South Asia
"Oct 26, 2023",YES,Female,USA,26,Bachelor's Degree,Left,Yes,Yes,Yes,Yes,No,No,No,No,"Yes, slightly more informed","No, no change","No, no change","Yes, slightly more informed","Yes, slightly changed","Yes, slightly changed","No, no change","Yes, slightly changed","No, no change","No, no change","No, no change","No, no change",0,1,1,0,1,0,North America,English-Speaking
"Oct 26, 2023",YES,Female,USA,29,Master's Degree,Left,Yes,Yes,Yes,Don\'t Know,No,Yes,No,No,"Yes, slightly more informed","Yes, slightly more informed","Yes, slightly more informed","No, no change","No, no change","No, no change","No, no change",nan,"No, no change","Yes, slightly changed","Yes, slightly changed","No, no change",0,1,1,0,1,0,North America,English-Speaking
"Oct 26, 2023",YES,Female,Venezuela,24,Master's Degree,Far left,Yes,Yes,No,Yes,No,Yes,,No,"Yes, much more informed","Yes, slightly more informed",,"Yes, slightly more informed","No, no change","No, no change",,"No, no change","No, no change","No, no change",,"No, no change",1,0,0,0,0,0,Latin America,Latin America
"Oct 26, 2023",YES,Female,USA,25,Master's Degree,Far left,Yes,Yes,Yes,No,Yes,Yes,Yes,,"Yes, much more informed","Yes, much more informed","Yes, slightly more informed",,"Yes, slightly changed","No, no change","No, no change",,"Yes, slightly changed","Yes, greatly changed","Yes, greatly changed",,0,1,1,0,1,1,North America,English-Speaking
"Oct 26, 2023",YES,Female,USA,24,Bachelor's Degree,Center,Yes,Yes,Yes,Yes,No,Yes,Yes,No,"Yes, slightly more informed","Yes, slightly more informed","No, no change","Yes, slightly more informed","Yes, slightly changed","No, no change","No, no change","No, no change","No, no change","No, no change","No, no change","No, no change",1,1,0,0,1,0,North America,English-Speaking
"Oct 26, 2023",YES,Female,New Zealand,30,Master's Degree,Far left,Yes,Yes,Yes,No,Yes,Yes,No,,"Yes, much more informed","Yes, much more informed","No, no change",,"Yes, slightly changed","Yes, slightly changed","No, no change",,"Yes, slightly changed","Yes, slightly changed",nan,,1,1,0,0,1,1,Asia and Pacific,English-Speaking
"Oct 26, 2023",YES,Male,Spain,31,High School,Left,Yes,Yes,Yes,Yes,No,No,Yes,Yes,"Yes, slightly more informed","Yes, much more informed","No, much less informed","No, much less informed","No, no change","No, no change","No, no change","No, no change","No, no change","No, no change","No, no change","No, no change",1,0,0,1,1,0,Europe,Catholic Europe
"Oct 26, 2023",YES,Male,USA,30,Bachelor's Degree,Left,Don\'t Know,Yes,Yes,Yes,No,No,No,No,nan,"No, no change","No, no change","No, no change",nan,"No, no change","No, no change","No, no change",nan,"No, no change","No, no change","No, no change",0,1,1,0,0,1,North America,English-Speaking
"Oct 26, 2023",YES,Female,USA,24,Bachelor's Degree,Left,Yes,Yes,Yes,Yes,No,Yes,Yes,Yes,"Yes, much more informed","Yes, much more informed","Yes, much more informed","Yes, much more informed","Yes, greatly changed","Yes, greatly changed","Yes, greatly changed","Yes, slightly changed","No, no change","Yes, slightly changed","Yes, greatly changed","No, no change",0,0,0,1,1,0,North America,English-Speaking
"Oct 26, 2023",YES,Male,Greece,36,Bachelor's Degree,Center,Yes,Yes,Yes,Yes,No,No,No,No,nan,"Yes, slightly more informed","Yes, slightly more informed","No, no change","No, no change","No, no change","No, no change","No, no change","No, no change","No, no change","No, no change","No, no change",1,1,0,0,1,0,Europe,Orthodox Europe
"Oct 26, 2023",YES,Male,USA,28,Bachelor's Degree,Center,Yes,Yes,Yes,Yes,Yes,Yes,No,Yes,"Yes, slightly more informed","No, no change","No, no change","Yes, slightly more informed","No, no change","Yes, slightly changed","No, no change","Yes, slightly changed","No, no change","No, no change","No, no change","No, no change",1,0,0,1,1,0,North America,English-Speaking
"Oct 26, 2023",YES,Female,USA,26,Bachelor's Degree,Left,Yes,Yes,Yes,Yes,No,No,No,No,"No, no change","No, no change","No, no change","No, no change","No, no change","No, no change","No, no change","No, no change","No, no change","No, no change","No, no change","No, no change",1,1,1,0,1,0,North America,English-Speaking
"Oct 26, 2023",YES,Other,USA,24,High School,Far left,Yes,Yes,Yes,Yes,Yes,Yes,Yes,No,"Yes, slightly more informed","Yes, slightly more informed","Yes, much more informed","No, much less informed","No, no change","No, no change","No, no change","No, no change","Yes, slightly changed","Yes, slightly changed","No, no change","No, no change",1,0,0,1,1,1,North America,English-Speaking
"Oct 26, 2023",YES,Female,France,29,Master's Degree,Left,Yes,Yes,Yes,Yes,No,No,No,No,"No, no change","No, no change","No, no change","No, no change","No, no change","No, no change","No, no change","No, no change","No, no change","No, no change","No, no change","No, no change",1,0,0,0,1,0,Europe,Catholic Europe
"Oct 26, 2023",YES,Female,USA,24,Bachelor's Degree,Left,Yes,Yes,Yes,Yes,No,No,No,No,"Yes, slightly more informed","Yes, slightly more informed","Yes, slightly more informed","Yes, slightly more informed","Yes, slightly changed","Yes, slightly changed","No, no change","No, no change","Yes, slightly changed","No, no change","No, no change","No, no change",1,0,1,0,1,0,North America,English-Speaking
"Oct 26, 2023",YES,Female,USA,60,High School,Left,Yes,Yes,Yes,Yes,No,No,No,No,"No, no change","No, no change","No, no change","No, no change","No, no change","No, no change","No, no change","No, no change","No, no change","No, no change","No, no change","No, no change",1,1,0,0,1,0,North America,English-Speaking
"Oct 26, 2023",YES,Female,Greece,29,High School,Left,Yes,Don\'t Know,Yes,Yes,Yes,Yes,Yes,Yes,"Yes, slightly more informed","Yes, slightly more informed","Yes, slightly more informed","Yes, slightly more informed","Yes, slightly changed","Yes, slightly changed","Yes, slightly changed","Yes, slightly changed","Yes, slightly changed","Yes, slightly changed","Yes, slightly changed","Yes, slightly changed",1,0,0,0,1,0,Europe,Orthodox Europe
"Oct 26, 2023",YES,Female,Taiwan,25,Bachelor's Degree,Left,Yes,Yes,Yes,Don\'t Know,Yes,No,Yes,No,"Yes, much more informed","Yes, much more informed","Yes, much more informed",nan,"Yes, greatly changed","Yes, slightly changed","Yes, greatly changed",nan,"No, no change","No, no change","Yes, slightly changed","No, no change",1,1,0,0,1,0,Asia and Pacific,Confucian
"Oct 26, 2023",YES,Female,UK,18,High School,Left,Yes,Yes,Yes,Yes,No,Yes,No,No,"Yes, slightly more informed","Yes, much more informed","No, no change","Yes, slightly more informed","Yes, slightly changed","No, no change","No, no change","Yes, slightly changed","No, no change","Yes, slightly changed","No, no change","Yes, slightly changed",1,0,1,0,1,0,Europe,English-Speaking
"Oct 26, 2023",YES,Female,USA,24,Bachelor's Degree,Left,Yes,Yes,Yes,Yes,No,No,No,No,"No, much less informed","Yes, slightly more informed","No, no change","No, no change","No, no change","Yes, greatly changed","No, no change","No, no change","No, no change","Yes, greatly changed","No, no change","No, no change",0,1,1,0,1,1,North America,English-Speaking
"Oct 26, 2023",YES,Female,Saudi Arabia,22,Bachelor's Degree,Center,Yes,Don\'t Know,Yes,Don\'t Know,nan,No,No,No,"Yes, much more informed","Yes, slightly more informed","Yes, much more informed","No, no change","No, no change",nan,"Yes, greatly changed","No, no change","No, no change",nan,"Yes, slightly changed","No, no change",1,1,0,0,1,0,MENA,African-Islamic
"Oct 26, 2023",YES,Male,USA,35,High School,Center,Yes,Yes,No,Yes,No,No,,No,"No, no change","No, no change",,"No, no change","No, no change","No, no change",,"No, no change","No, no change","No, no change",,"No, no change",0,1,0,1,0,0,North America,English-Speaking
"Oct 26, 2023",YES,Male,Syria,33,Master's Degree,Center,Yes,Yes,Yes,Yes,No,No,No,No,"Yes, slightly more informed","Yes, slightly more informed","Yes, slightly more informed","Yes, slightly more informed","Yes, greatly changed","Yes, slightly changed","Yes, slightly changed","Yes, greatly changed","No, no change","No, no change","Yes, slightly changed","Yes, slightly changed",1,1,0,1,1,0,MENA,
"Oct 26, 2023",YES,Female,USA,24,Bachelor's Degree,,Yes,Yes,Yes,Don\'t Know,No,No,No,No,"No, slightly less informed","No, no change","Yes, much more informed","No, no change","No, no change","No, no change","Yes, slightly changed","No, no change","No, no change","Yes, slightly changed","Yes, greatly changed","No, no change",1,1,1,1,1,1,North America,English-Speaking
"Oct 26, 2023",YES,Female,Germany,24,High School,Left,Yes,Yes,Yes,Don\'t Know,No,No,No,No,"Yes, slightly more informed","Yes, slightly more informed","Yes, much more informed",nan,"No, no change","No, no change","No, no change",nan,"No, no change","No, no change","No, no change",nan,1,1,0,0,1,0,Europe,Protestant Europe
"Oct 26, 2023",YES,Male,USA,20,High School,Right,Yes,Yes,Yes,Yes,No,No,No,No,"Yes, slightly more informed","Yes, slightly more informed","Yes, slightly more informed","Yes, slightly more informed","No, no change","No, no change","No, no change","No, no change","No, no change","No, no change","No, no change","No, no change",0,0,0,1,0,1,North America,English-Speaking
"Oct 26, 2023",YES,Male,Iran,33,Bachelor's Degree,Left,Yes,Yes,Yes,Yes,No,No,Yes,No,"Yes, slightly more informed","No, no change","Yes, slightly more informed","No, no change","No, no change","No, no change","Yes, slightly changed","No, no change","No, no change","No, no change","Yes, slightly changed","No, no change",1,1,0,0,0,0,MENA,African-Islamic
"Oct 26, 2023",YES,Male,USA,24,Master's Degree,Far left,Yes,Yes,Yes,No,No,Yes,No,,"Yes, slightly more informed","Yes, slightly more informed","Yes, slightly more informed",,"No, no change","No, no change","Yes, slightly changed",,"No, no change","No, no change","No, no change",,1,1,1,1,1,1,North America,English-Speaking
"Oct 26, 2023",YES,Male,USA,26,Bachelor's Degree,Left,Yes,Yes,Yes,Yes,No,No,No,No,"Yes, slightly more informed","Yes, much more informed","No, no change","Yes, slightly more informed","No, no change","Yes, slightly changed","No, no change","No, no change","No, no change","No, no change","Yes, slightly changed","No, no change",0,1,1,0,1,1,North America,English-Speaking
"Oct 26, 2023",YES,Female,Germany,38,High School,Left,Yes,Yes,Yes,Yes,No,Yes,Yes,No,"Yes, slightly more informed","Yes, much more informed","Yes, slightly more informed","Yes, slightly more informed","Yes, slightly changed","Yes, slightly changed","Yes, slightly changed","Yes, slightly changed","Yes, slightly changed","Yes, slightly changed","Yes, slightly changed","No, no change",1,0,0,0,1,0,Europe,Protestant Europe
"Oct 26, 2023",YES,Female,Germany,23,High School,Left,No,Yes,Yes,No,,No,No,,,"No, no change","No, no change",,,"No, no change","No, no change",,,"No, no change","No, no change",,1,0,0,0,1,0,Europe,Protestant Europe
"Oct 26, 2023",YES,Male,Syria,35,Master's Degree,Center,Yes,No,Yes,Yes,Yes,,No,No,"Yes, much more informed",,"Yes, slightly more informed","Yes, slightly more informed","No, no change",,"Yes, slightly changed","Yes, slightly changed","No, no change",,"Yes, slightly changed","No, no change",1,1,0,1,1,0,MENA,
"Oct 26, 2023",YES,Female,Palestine,22,Bachelor's Degree,,Yes,Yes,Yes,Yes,Yes,No,No,No,"Yes, much more informed","Yes, much more informed","Yes, much more informed","No, no change","Yes, greatly changed","Yes, slightly changed","No, no change","Yes, slightly changed","Yes, greatly changed","Yes, slightly changed","Yes, slightly changed","Yes, slightly changed",0,0,1,0,0,0,MENA,African-Islamic
"Oct 26, 2023",YES,Female,USA,53,Bachelor's Degree,Left,No,Yes,No,No,,No,,,,"Yes, slightly more informed",,,,nan,,,,"No, no change",,,0,1,0,0,0,0,North America,English-Speaking
"Oct 26, 2023",YES,Female,Poland,32,Master's Degree,Left,Yes,Yes,Yes,Yes,No,No,No,No,"Yes, slightly more informed","Yes, slightly more informed","Yes, slightly more informed","Yes, slightly more informed","No, no change","No, no change","Yes, slightly changed","No, no change","No, no change","Yes, slightly changed","Yes, slightly changed","Yes, slightly changed",1,1,0,0,0,0,Europe,Catholic Europe
"Oct 26, 2023",NO,,,,,,nan,nan,nan,nan,nan,nan,nan,nan,nan,nan,nan,nan,nan,nan,nan,nan,nan,nan,nan,nan,0,0,0,0,0,0,,
"Oct 26, 2023",YES,Female,,24,Master's Degree,Far left,Yes,Yes,Yes,No,No,Yes,Yes,,"No, no change","Yes, slightly more informed","No, no change",,"No, no change","No, no change","No, no change",,"No, no change","No, no change","No, no change",,0,1,1,1,1,0,,
"Oct 26, 2023",YES,Female,USA,43,Bachelor's Degree,Center,Yes,Yes,Yes,Yes,No,No,No,No,"Yes, slightly more informed","Yes, slightly more informed","No, no change","No, no change","No, no change","No, no change","No, no change","No, no change","No, no change","No, no change","No, no change","No, no change",0,1,0,0,0,0,North America,English-Speaking
"Oct 26, 2023",YES,Male,Brazil,36,Bachelor's Degree,Left,Don\'t Know,Yes,Yes,Yes,No,Yes,No,No,nan,"Yes, slightly more informed","Yes, much more informed","Yes, slightly more informed","No, no change","No, no change","Yes, slightly changed","No, no change","No, no change","No, no change","No, no change","No, no change",1,0,0,1,1,1,Latin America,Latin America
"Oct 26, 2023",YES,Female,Germany,36,Bachelor's Degree,Left,Yes,Yes,Yes,Yes,Yes,Yes,Yes,Yes,"Yes, slightly more informed","Yes, much more informed","No, no change","Yes, slightly more informed","Yes, slightly changed","No, no change","No, no change","No, no change","Yes, slightly changed","Yes, slightly changed","No, no change","No, no change",1,0,0,1,1,1,Europe,Protestant Europe
"Oct 26, 2023",YES,Female,USA,25,Master's Degree,Far left,No,Yes,Yes,No,,No,No,,,"Yes, slightly more informed","No, no change",,,"No, no change","No, no change",,,"No, no change","No, no change",,1,1,0,0,1,0,North America,English-Speaking
"Oct 26, 2023",YES,Female,Brazil,31,Bachelor's Degree,Left,No,Yes,Yes,No,,No,No,,,"Yes, slightly more informed","Yes, slightly more informed",,,"No, no change","No, no change",,,"No, no change","No, no change",,1,0,0,0,1,0,Latin America,Latin America
"Oct 26, 2023",YES,Other,,26,Bachelor's Degree,Far left,Yes,Yes,Yes,Yes,Yes,Yes,Yes,Yes,"Yes, slightly more informed","Yes, slightly more informed","Yes, slightly more informed","Yes, slightly more informed","Yes, slightly changed","Yes, slightly changed","Yes, slightly changed","Yes, slightly changed","Yes, slightly changed","Yes, greatly changed","Yes, greatly changed","Yes, slightly changed",0,1,1,0,1,1,,
"Oct 26, 2023",YES,Female,Italy,35,Master's Degree,Center,No,Yes,Yes,Don\'t Know,,No,No,No,,"Yes, slightly more informed","No, no change","No, no change",,"Yes, slightly changed","No, no change","No, no change",,"No, no change","No, no change","No, no change",1,0,0,0,0,1,Europe,Catholic Europe
"Oct 26, 2023",YES,Female,Germany,21,High School,Center,Yes,Yes,Yes,Yes,Yes,No,No,Yes,"No, no change","No, no change","No, no change","No, no change","No, no change","No, no change","No, no change","No, no change","Yes, slightly changed","No, no change","No, no change","No, no change",1,0,0,0,1,0,Europe,Protestant Europe
"Oct 26, 2023",YES,Female,Hungary,27,Bachelor's Degree,Center,Yes,Yes,Yes,Yes,No,No,Yes,No,"Yes, much more informed","Yes, slightly more informed","Yes, much more informed","Yes, slightly more informed","Yes, slightly changed","Yes, slightly changed","Yes, slightly changed","Yes, slightly changed","Yes, slightly changed","Yes, slightly changed","Yes, slightly changed","Yes, slightly changed",1,1,0,0,1,0,Europe,Catholic Europe
"Oct 26, 2023",YES,Male,,36,Master's Degree,Left,Yes,No,No,Yes,Yes,,,No,"Yes, much more informed",,,"Yes, much more informed","No, no change",,,"Yes, slightly changed","Yes, slightly changed",,,"Yes, slightly changed",1,0,0,1,1,1,,
"Oct 26, 2023",YES,Female,Romania,26,Master's Degree,Center,Don\'t Know,Yes,Yes,Yes,No,No,No,nan,"Yes, slightly more informed","Yes, slightly more informed","Yes, much more informed","Yes, much more informed","No, no change","No, no change","No, no change","No, no change","No, no change","No, no change","Yes, slightly changed","Yes, slightly changed",1,1,0,0,1,1,Europe,Orthodox Europe
"Oct 26, 2023",YES,Female,USA,25,Bachelor's Degree,Left,Yes,Yes,Yes,Yes,Yes,Yes,Yes,No,"Yes, slightly more informed","Yes, slightly more informed","Yes, slightly more informed","Yes, slightly more informed","No, no change","No, no change","No, no change","Yes, slightly changed","Yes, slightly changed","Yes, slightly changed","No, no change","No, no change",1,0,1,1,1,0,North America,English-Speaking
"Oct 26, 2023",YES,Female,USA,37,Ph.D. or Higher,Far left,Yes,Yes,Yes,Yes,No,No,No,No,"No, no change","No, no change","No, no change","No, no change","No, no change","No, no change","No, no change","No, no change","No, no change","No, no change","No, no change","No, no change",0,0,0,1,0,0,North America,English-Speaking
"Oct 26, 2023",YES,Male,USA,53,Bachelor's Degree,Right,Yes,No,Don\'t Know,No,No,,No,,"No, no change",,"No, no change",,"No, no change",,"No, no change",,"No, no change",,"No, no change",,1,1,0,1,0,0,North America,English-Speaking
"Oct 26, 2023",YES,Male,,28,Master's Degree,,Yes,Don\'t Know,Yes,Don\'t Know,No,No,No,No,"No, no change","No, no change","No, no change","No, no change","No, no change","No, no change","No, no change","No, no change","No, no change","No, no change","No, no change","No, no change",0,1,0,0,1,0,,
"Oct 26, 2023",YES,Male,Chile,32,Bachelor's Degree,Left,Yes,Yes,Yes,No,No,Yes,No,,"Yes, slightly more informed","Yes, slightly more informed","No, no change",,"No, no change","No, no change","No, no change",,"No, no change","No, no change","No, no change",,1,1,0,0,1,0,Latin America,Latin America
"Oct 26, 2023",YES,Female,Germany,29,High School,Left,Yes,No,Yes,Yes,No,,No,No,"Yes, slightly more informed",,"Yes, slightly more informed","Yes, slightly more informed","Yes, slightly changed",,"No, no change","No, no change","Yes, slightly changed",,"No, no change","Yes, slightly changed",1,0,0,0,1,0,Europe,Protestant Europe
"Oct 26, 2023",YES,Other,USA,35,Ph.D. or Higher,Far left,Yes,Yes,Yes,No,No,No,No,,"No, no change","Yes, slightly more informed","Yes, much more informed",,"No, no change","Yes, slightly changed","Yes, slightly changed",,"Yes, slightly changed","Yes, slightly changed","Yes, greatly changed",,1,0,0,1,1,0,North America,English-Speaking
